Dates,Category,Descript,DayOfWeek,PdDistrict,Resolution,Address,X,Y
5/13/15 23:53,WARRANTS,WARRANT ARREST,Wednesday,NORTHERN,"ARREST, BOOKED",OAK ST / LAGUNA ST,-122.4258917,37.7745986
5/13/15 23:53,OTHER OFFENSES,TRAFFIC VIOLATION ARREST,Wednesday,NORTHERN,"ARREST, BOOKED",OAK ST / LAGUNA ST,-122.4258917,37.7745986
5/13/15 23:33,OTHER OFFENSES,TRAFFIC VIOLATION ARREST,Wednesday,NORTHERN,"ARREST, BOOKED",VANNESS AV / GREENWICH ST,-122.424363,37.80041432
5/13/15 23:30,LARCENY/THEFT,GRAND THEFT FROM LOCKED AUTO,Wednesday,NORTHERN,NONE,1500 Block of LOMBARD ST,-122.4269953,37.80087263
5/13/15 23:30,LARCENY/THEFT,GRAND THEFT FROM LOCKED AUTO,Wednesday,PARK,NONE,100 Block of BRODERICK ST,-122.4387376,37.77154117
5/13/15 23:30,LARCENY/THEFT,GRAND THEFT FROM UNLOCKED AUTO,Wednesday,INGLESIDE,NONE,0 Block of TEDDY AV,-122.4032524,37.7134307
5/13/15 23:30,VEHICLE THEFT,STOLEN AUTOMOBILE,Wednesday,INGLESIDE,NONE,AVALON AV / PERU AV,-122.423327,37.72513804
5/13/15 23:30,VEHICLE THEFT,STOLEN AUTOMOBILE,Wednesday,BAYVIEW,NONE,KIRKWOOD AV / DONAHUE ST,-122.3712743,37.72756407
5/13/15 23:00,LARCENY/THEFT,GRAND THEFT FROM LOCKED AUTO,Wednesday,RICHMOND,NONE,600 Block of 47TH AV,-122.508194,37.77660126
5/13/15 23:00,LARCENY/THEFT,GRAND THEFT FROM LOCKED AUTO,Wednesday,CENTRAL,NONE,JEFFERSON ST / LEAVENWORTH ST,-122.4190877,37.80780155
5/13/15 22:58,LARCENY/THEFT,PETTY THEFT FROM LOCKED AUTO,Wednesday,CENTRAL,NONE,JEFFERSON ST / LEAVENWORTH ST,-122.4190877,37.80780155
5/13/15 22:30,OTHER OFFENSES,MISCELLANEOUS INVESTIGATION,Wednesday,TARAVAL,NONE,0 Block of ESCOLTA WY,-122.4879831,37.73766665
5/13/15 22:30,VANDALISM,"MALICIOUS MISCHIEF, VANDALISM OF VEHICLES",Wednesday,TENDERLOIN,NONE,TURK ST / JONES ST,-122.4124143,37.7830038
5/13/15 22:06,LARCENY/THEFT,GRAND THEFT FROM LOCKED AUTO,Wednesday,NORTHERN,NONE,FILLMORE ST / GEARY BL,-122.4329146,37.78435334
5/13/15 22:00,NON-CRIMINAL,FOUND PROPERTY,Wednesday,BAYVIEW,NONE,200 Block of WILLIAMS AV,-122.3977444,37.72993469
5/13/15 22:00,NON-CRIMINAL,FOUND PROPERTY,Wednesday,BAYVIEW,NONE,0 Block of MENDELL ST,-122.3836915,37.74318904
5/13/15 22:00,ROBBERY,"ROBBERY, ARMED WITH A KNIFE",Wednesday,TENDERLOIN,NONE,EDDY ST / JONES ST,-122.4125974,37.78393203
5/13/15 21:55,ASSAULT,AGGRAVATED ASSAULT WITH BODILY FORCE,Wednesday,INGLESIDE,NONE,GODEUS ST / MISSION ST,-122.4216815,37.7428222
5/13/15 21:40,OTHER OFFENSES,TRAFFIC VIOLATION,Wednesday,BAYVIEW,"ARREST, BOOKED",MENDELL ST / HUDSON AV,-122.3864009,37.73898349
5/13/15 21:30,NON-CRIMINAL,FOUND PROPERTY,Wednesday,TENDERLOIN,NONE,100 Block of JONES ST,-122.4122498,37.78255633
5/13/15 21:30,LARCENY/THEFT,GRAND THEFT FROM LOCKED AUTO,Wednesday,INGLESIDE,NONE,200 Block of EVELYN WY,-122.4493891,37.7426688
5/13/15 21:17,ROBBERY,"ROBBERY, BODILY FORCE",Wednesday,INGLESIDE,NONE,1600 Block of VALENCIA ST,-122.4202721,37.74733163
5/13/15 21:11,WARRANTS,WARRANT ARREST,Wednesday,TENDERLOIN,NONE,100 Block of JONES ST,-122.4122498,37.78255633
5/13/15 21:11,NON-CRIMINAL,"STAY AWAY OR COURT ORDER, NON-DV RELATED",Wednesday,TENDERLOIN,NONE,100 Block of JONES ST,-122.4122498,37.78255633
5/13/15 21:10,LARCENY/THEFT,GRAND THEFT FROM LOCKED AUTO,Wednesday,NORTHERN,NONE,FILLMORE ST / LOMBARD ST,-122.4360492,37.79984122
5/13/15 21:00,NON-CRIMINAL,LOST PROPERTY,Wednesday,TENDERLOIN,NONE,300 Block of OFARRELL ST,-122.4105093,37.78604322
5/13/15 21:00,LARCENY/THEFT,GRAND THEFT FROM LOCKED AUTO,Wednesday,NORTHERN,NONE,2000 Block of BUSH ST,-122.4310176,37.78738807
5/13/15 21:00,LARCENY/THEFT,GRAND THEFT FROM LOCKED AUTO,Wednesday,INGLESIDE,NONE,500 Block of COLLEGE AV,-122.4236563,37.73255649
5/13/15 21:00,LARCENY/THEFT,ATTEMPTED THEFT FROM LOCKED VEHICLE,Wednesday,TARAVAL,NONE,19TH AV / SANTIAGO ST,-122.4757735,37.74491907
5/13/15 20:56,OTHER OFFENSES,MISCELLANEOUS INVESTIGATION,Wednesday,TARAVAL,NONE,2000 Block of 41ST AV,-122.4997871,37.7485176
5/13/15 20:54,LARCENY/THEFT,GRAND THEFT FROM LOCKED AUTO,Wednesday,NORTHERN,NONE,1300 Block of WEBSTER ST,-122.4310464,37.78302957
5/13/15 20:50,NON-CRIMINAL,"CIVIL SIDEWALKS, CITATION",Wednesday,MISSION,"ARREST, BOOKED",400 Block of CASTRO ST,-122.4351501,37.76175972
5/13/15 20:45,VANDALISM,"MALICIOUS MISCHIEF, VANDALISM",Wednesday,NORTHERN,NONE,1500 Block of FILLMORE ST,-122.4327438,37.78384245
5/13/15 20:30,LARCENY/THEFT,GRAND THEFT FROM LOCKED AUTO,Wednesday,NORTHERN,NONE,1600 Block of WEBSTER ST,-122.4313095,37.78587063
5/13/15 20:30,VANDALISM,"MALICIOUS MISCHIEF, VANDALISM",Wednesday,NORTHERN,NONE,1600 Block of WEBSTER ST,-122.4313095,37.78587063
5/13/15 20:30,LARCENY/THEFT,GRAND THEFT FROM LOCKED AUTO,Wednesday,SOUTHERN,NONE,KING ST / 3RD ST,-122.3918456,37.77812478
5/13/15 20:30,LARCENY/THEFT,GRAND THEFT FROM LOCKED AUTO,Wednesday,NORTHERN,NONE,VALLEJO ST / BUCHANAN ST,-122.4318307,37.7956417
5/13/15 20:30,LARCENY/THEFT,GRAND THEFT FROM LOCKED AUTO,Wednesday,NORTHERN,NONE,CALIFORNIA ST / BUCHANAN ST,-122.4305518,37.78932277
5/13/15 20:29,WEAPON LAWS,SUSPICIOUS PACKAGE,Wednesday,TARAVAL,NONE,1400 Block of HOLLOWAY AV,-122.473182,37.72156474
5/13/15 20:25,VANDALISM,"MALICIOUS MISCHIEF, VANDALISM",Wednesday,INGLESIDE,NONE,0 Block of WINDING WY,-122.4324465,37.71083265
5/13/15 20:23,NON-CRIMINAL,"AIDED CASE, MENTAL DISTURBED",Wednesday,SOUTHERN,NONE,700 Block of MARKET ST,-122.4052948,37.78630722
5/13/15 20:15,LARCENY/THEFT,PETTY THEFT FROM LOCKED AUTO,Wednesday,SOUTHERN,NONE,1600 Block of MARKET ST,-122.4221276,37.77303302
5/13/15 20:15,LARCENY/THEFT,PETTY THEFT SHOPLIFTING,Wednesday,TENDERLOIN,NONE,0 Block of STOCKTON ST,-122.4063518,37.78603116
5/13/15 20:06,OTHER OFFENSES,PROBATION VIOLATION,Wednesday,BAYVIEW,"ARREST, BOOKED",300 Block of WILLIAMS AV,-122.3994437,37.73017602
5/13/15 20:06,OTHER OFFENSES,"STAY AWAY ORDER VIOLATION, DV RELATED",Wednesday,BAYVIEW,"ARREST, BOOKED",300 Block of WILLIAMS AV,-122.3994437,37.73017602
5/13/15 20:00,OTHER OFFENSES,"DRIVERS LICENSE, SUSPENDED OR REVOKED",Wednesday,CENTRAL,"ARREST, CITED",800 Block of LEAVENWORTH ST,-122.415212,37.78887145
5/13/15 20:00,VEHICLE THEFT,STOLEN MOTORCYCLE,Wednesday,INGLESIDE,NONE,0 Block of CRESCENT AV,-122.4237023,37.73523279
5/13/15 20:00,LARCENY/THEFT,GRAND THEFT FROM PERSON,Wednesday,TARAVAL,NONE,LINCOLN WY / 14TH AV,-122.4717998,37.7656867
5/13/15 19:55,NON-CRIMINAL,"AIDED CASE, MENTAL DISTURBED",Wednesday,CENTRAL,NONE,SUTTER ST / POWELL ST,-122.4085974,37.78922421
5/13/15 19:52,BURGLARY,"BURGLARY, VEHICLE (ARREST MADE)",Wednesday,PARK,"ARREST, BOOKED",1500 Block of HAIGHT ST,-122.4477611,37.76984649
5/13/15 19:33,ROBBERY,ATTEMPTED ROBBERY ON THE STREET WITH BODILY FORCE,Wednesday,BAYVIEW,NONE,23RD ST / WISCONSIN ST,-122.3986956,37.7547456
5/13/15 19:33,ASSAULT,AGGRAVATED ASSAULT WITH BODILY FORCE,Wednesday,BAYVIEW,NONE,23RD ST / WISCONSIN ST,-122.3986956,37.7547456
5/13/15 19:30,LARCENY/THEFT,PETTY THEFT FROM A BUILDING,Wednesday,SOUTHERN,NONE,0 Block of 3RD ST,-122.4032848,37.78730642
5/13/15 19:30,LARCENY/THEFT,GRAND THEFT FROM UNLOCKED AUTO,Wednesday,SOUTHERN,NONE,500 Block of BRANNAN ST,-122.3976156,37.77739182
5/13/15 19:30,SUSPICIOUS OCC,INVESTIGATIVE DETENTION,Wednesday,SOUTHERN,NONE,OTIS ST / GOUGH ST,-122.4203472,37.77176907
5/13/15 19:30,LARCENY/THEFT,GRAND THEFT FROM PERSON,Wednesday,SOUTHERN,NONE,MISSION ST / 2ND ST,-122.3998021,37.78800653
5/13/15 19:30,LARCENY/THEFT,GRAND THEFT OF PROPERTY,Wednesday,NORTHERN,NONE,GEARY ST / VANNESS AV,-122.4213958,37.78568434
5/13/15 19:30,LARCENY/THEFT,GRAND THEFT FROM LOCKED AUTO,Wednesday,SOUTHERN,NONE,HARRISON ST / 10TH ST,-122.4112792,37.77157858
5/13/15 19:30,LARCENY/THEFT,GRAND THEFT FROM LOCKED AUTO,Wednesday,NORTHERN,NONE,GEARY BL / LAGUNA ST,-122.4279912,37.78495312
5/13/15 19:28,VEHICLE THEFT,STOLEN AND RECOVERED VEHICLE,Wednesday,CENTRAL,NONE,0 Block of SANSOME ST,-122.4007198,37.79071247
5/13/15 19:28,VEHICLE THEFT,STOLEN AUTOMOBILE,Wednesday,CENTRAL,NONE,0 Block of SANSOME ST,-122.4007198,37.79071247
5/13/15 19:26,DRUNKENNESS,UNDER INFLUENCE OF ALCOHOL IN A PUBLIC PLACE,Wednesday,CENTRAL,NONE,900 Block of BUSH ST,-122.412929,37.78968683
5/13/15 19:26,SUSPICIOUS OCC,INVESTIGATIVE DETENTION,Wednesday,CENTRAL,NONE,900 Block of BUSH ST,-122.412929,37.78968683
5/13/15 19:19,NON-CRIMINAL,"AIDED CASE, MENTAL DISTURBED",Wednesday,SOUTHERN,NONE,0 Block of MARKET ST,-122.3950978,37.79405905
5/13/15 19:15,LARCENY/THEFT,PETTY THEFT FROM LOCKED AUTO,Wednesday,SOUTHERN,NONE,300 Block of 10TH ST,-122.4116366,37.77178694
5/13/15 19:15,LARCENY/THEFT,GRAND THEFT FROM UNLOCKED AUTO,Wednesday,TARAVAL,NONE,19TH AV / WINSTON DR,-122.4748992,37.72699053
5/13/15 19:11,WARRANTS,ENROUTE TO PAROLE OFFICER,Wednesday,TENDERLOIN,NONE,400 Block of HYDE ST,-122.4162359,37.78491257
5/13/15 19:11,WARRANTS,ENROUTE TO OUTSIDE JURISDICTION,Wednesday,TENDERLOIN,NONE,400 Block of HYDE ST,-122.4162359,37.78491257
5/13/15 19:11,OTHER OFFENSES,TRAFFIC VIOLATION ARREST,Wednesday,TENDERLOIN,NONE,400 Block of HYDE ST,-122.4162359,37.78491257
5/13/15 19:11,LARCENY/THEFT,GRAND THEFT FROM LOCKED AUTO,Wednesday,SOUTHERN,NONE,400 Block of BRANNAN ST,-122.395986,37.77883482
5/13/15 19:00,LARCENY/THEFT,GRAND THEFT FROM LOCKED AUTO,Wednesday,SOUTHERN,NONE,400 Block of BRANNAN ST,-122.395986,37.77883482
5/13/15 19:00,LARCENY/THEFT,GRAND THEFT FROM LOCKED AUTO,Wednesday,NORTHERN,NONE,2000 Block of SUTTER ST,-122.4341214,37.78603305
5/13/15 19:00,LARCENY/THEFT,GRAND THEFT FROM LOCKED AUTO,Wednesday,BAYVIEW,NONE,100 Block of PAUL AV,-122.3971362,37.72280498
5/13/15 19:00,VEHICLE THEFT,STOLEN AUTOMOBILE,Wednesday,MISSION,NONE,26TH ST / GUERRERO ST,-122.4225723,37.74877401
5/13/15 19:00,LARCENY/THEFT,GRAND THEFT FROM LOCKED AUTO,Wednesday,CENTRAL,NONE,STOCKTON ST / SUTTER ST,-122.4069587,37.78943476
5/13/15 18:58,WARRANTS,ENROUTE TO OUTSIDE JURISDICTION,Wednesday,MISSION,NONE,1900 Block of MISSION ST,-122.4196766,37.7658511
5/13/15 18:58,WARRANTS,WARRANT ARREST,Wednesday,MISSION,NONE,1900 Block of MISSION ST,-122.4196766,37.7658511
5/13/15 18:55,NON-CRIMINAL,"AIDED CASE, MENTAL DISTURBED",Wednesday,PARK,PSYCHOPATHIC CASE,4600 Block of 18TH ST,-122.4424965,37.76048588
5/13/15 18:45,LARCENY/THEFT,GRAND THEFT FROM LOCKED AUTO,Wednesday,SOUTHERN,NONE,0 Block of FREELON ST,-122.3964115,37.77918761
5/13/15 18:45,OTHER OFFENSES,"DRIVERS LICENSE, SUSPENDED OR REVOKED",Wednesday,MISSION,"ARREST, BOOKED",17TH ST / TREAT AV,-122.4135917,37.76382223
5/13/15 18:45,NON-CRIMINAL,LOST PROPERTY,Wednesday,CENTRAL,NONE,PACIFIC AV / SANSOME ST,-122.4020426,37.79750489
5/13/15 18:42,NON-CRIMINAL,"AIDED CASE, MENTAL DISTURBED",Wednesday,NORTHERN,NONE,1900 Block of POLK ST,-122.4214269,37.79460283
5/13/15 18:42,WEAPON LAWS,EXHIBITING DEADLY WEAPON IN A THREATING MANNER,Wednesday,NORTHERN,NONE,1900 Block of POLK ST,-122.4214269,37.79460283
5/13/15 18:39,OTHER OFFENSES,"DRIVERS LICENSE, SUSPENDED OR REVOKED",Wednesday,TENDERLOIN,"ARREST, CITED",200 Block of GOLDEN GATE AV,-122.4142634,37.78175698
5/13/15 18:30,OTHER OFFENSES,TRAFFIC VIOLATION,Wednesday,INGLESIDE,"ARREST, BOOKED",3100 Block of HARRISON ST,-122.4115042,37.74778591
5/13/15 18:30,LARCENY/THEFT,GRAND THEFT FROM A BUILDING,Wednesday,PARK,NONE,1000 Block of SCOTT ST,-122.4369999,37.77916217
5/13/15 18:30,LARCENY/THEFT,GRAND THEFT FROM LOCKED AUTO,Wednesday,RICHMOND,NONE,1000 Block of POINTLOBOS AV,-122.5136421,37.77846922
5/13/15 18:30,BURGLARY,"BURGLARY OF RESIDENCE, ATTEMPTED FORCIBLE ENTRY",Wednesday,BAYVIEW,NONE,1300 Block of FELTON ST,-122.417938,37.72660514
5/13/15 18:30,LARCENY/THEFT,GRAND THEFT FROM LOCKED AUTO,Wednesday,NORTHERN,NONE,1500 Block of FILLMORE ST,-122.4327438,37.78384245
5/13/15 18:30,LARCENY/THEFT,GRAND THEFT FROM LOCKED AUTO,Wednesday,CENTRAL,NONE,PINE ST / GRANT AV,-122.4057448,37.79149808
5/13/15 18:20,LARCENY/THEFT,PETTY THEFT OF PROPERTY,Wednesday,NORTHERN,NONE,600 Block of VANNESS AV,-122.4206914,37.78148325
5/13/15 18:16,NON-CRIMINAL,"AIDED CASE, MENTAL DISTURBED",Wednesday,TENDERLOIN,NONE,400 Block of EDDY ST,-122.4150887,37.78367196
5/13/15 18:15,LARCENY/THEFT,GRAND THEFT FROM LOCKED AUTO,Wednesday,TARAVAL,NONE,WESTPORTAL AV / VICENTE ST,-122.4669911,37.73972316
5/13/15 18:15,LARCENY/THEFT,PETTY THEFT FROM LOCKED AUTO,Wednesday,CENTRAL,NONE,GREENWICH ST / LEAVENWORTH ST,-122.4178006,37.80126838
5/13/15 18:10,LARCENY/THEFT,GRAND THEFT FROM UNLOCKED AUTO,Wednesday,CENTRAL,NONE,BAY ST / HYDE ST,-122.42018,37.80478965
5/13/15 18:05,LARCENY/THEFT,GRAND THEFT FROM LOCKED AUTO,Wednesday,BAYVIEW,NONE,SAN BRUNO AV / BURROWS ST,-122.4040999,37.72883734
5/13/15 18:02,OTHER OFFENSES,TRAFFIC VIOLATION,Wednesday,MISSION,"ARREST, BOOKED",25TH ST / SHOTWELL ST,-122.4150147,37.75083639
5/13/15 18:00,BURGLARY,"BURGLARY OF APARTMENT HOUSE, UNLAWFUL ENTRY",Wednesday,SOUTHERN,NONE,0 Block of 6TH ST,-122.4095043,37.78152627
5/13/15 18:00,LARCENY/THEFT,GRAND THEFT FROM UNLOCKED AUTO,Wednesday,BAYVIEW,NONE,ILLINOIS ST / 20TH ST,-122.3875713,37.76054996
5/13/15 18:00,LARCENY/THEFT,GRAND THEFT FROM LOCKED AUTO,Wednesday,PARK,NONE,CASTRO ST / 16TH ST,-122.4353184,37.76410203
5/13/15 18:00,LARCENY/THEFT,GRAND THEFT FROM LOCKED AUTO,Wednesday,PARK,NONE,COLE ST / FULTON ST,-122.4513601,37.77517416
5/13/15 18:00,LARCENY/THEFT,GRAND THEFT FROM LOCKED AUTO,Wednesday,CENTRAL,NONE,LEAVENWORTH ST / BAY ST,-122.418534,37.80499774
5/13/15 17:55,FORGERY/COUNTERFEITING,"FORGERY, NOTES",Wednesday,SOUTHERN,"ARREST, BOOKED",1200 Block of MARKET ST,-122.4154488,37.77829352
5/13/15 17:55,FORGERY/COUNTERFEITING,"CHECKS, POSSESSION WITH INTENT TO PASS",Wednesday,SOUTHERN,"ARREST, BOOKED",1200 Block of MARKET ST,-122.4154488,37.77829352
5/13/15 17:55,BURGLARY,"BURGLARY,STORE UNDER CONSTRUCTION, UNLAWFUL ENTRY",Wednesday,SOUTHERN,"ARREST, BOOKED",1200 Block of MARKET ST,-122.4154488,37.77829352
5/13/15 17:50,NON-CRIMINAL,FOUND PROPERTY,Wednesday,CENTRAL,NONE,400 Block of GREEN ST,-122.4070086,37.79969689
5/13/15 17:48,LARCENY/THEFT,GRAND THEFT SHOPLIFTING,Wednesday,NORTHERN,NONE,0 Block of DANIELBURNHAM CT,-122.4225406,37.78690887
5/13/15 17:47,DRUG/NARCOTIC,POSSESSION OF NARCOTICS PARAPHERNALIA,Wednesday,BAYVIEW,NONE,0 Block of WHITFIELD CT,-122.3818379,37.73110435
5/13/15 17:47,OTHER OFFENSES,RESISTING ARREST,Wednesday,BAYVIEW,NONE,0 Block of WHITFIELD CT,-122.3818379,37.73110435
5/13/15 17:47,ASSAULT,CHILD ABUSE (PHYSICAL),Wednesday,BAYVIEW,NONE,0 Block of WHITFIELD CT,-122.3818379,37.73110435
5/13/15 17:47,STOLEN PROPERTY,"STOLEN PROPERTY, POSSESSION WITH KNOWLEDGE, RECEIVING",Wednesday,BAYVIEW,NONE,0 Block of WHITFIELD CT,-122.3818379,37.73110435
5/13/15 17:45,SECONDARY CODES,DOMESTIC VIOLENCE,Wednesday,CENTRAL,"ARREST, BOOKED",700 Block of GEARY ST,-122.4156327,37.78635878
5/13/15 17:45,LARCENY/THEFT,GRAND THEFT FROM LOCKED AUTO,Wednesday,RICHMOND,NONE,500 Block of JOHNFKENNEDY DR,-122.4662047,37.77254054
5/13/15 17:45,OTHER OFFENSES,"STAY AWAY ORDER VIOLATION, DV RELATED",Wednesday,CENTRAL,"ARREST, BOOKED",700 Block of GEARY ST,-122.4156327,37.78635878
5/13/15 17:40,ASSAULT,THREATS AGAINST LIFE,Wednesday,CENTRAL,NONE,1400 Block of STOCKTON ST,-122.4090315,37.79925319
5/13/15 17:40,LARCENY/THEFT,GRAND THEFT FROM LOCKED AUTO,Wednesday,INGLESIDE,NONE,SAN JOSE AV / 29TH ST,-122.4226722,37.74394327
5/13/15 17:37,WARRANTS,ENROUTE TO OUTSIDE JURISDICTION,Wednesday,TENDERLOIN,NONE,EDDY ST / LEAVENWORTH ST,-122.414243,37.78372403
5/13/15 17:37,WARRANTS,WARRANT ARREST,Wednesday,TENDERLOIN,NONE,EDDY ST / LEAVENWORTH ST,-122.414243,37.78372403
5/13/15 17:35,NON-CRIMINAL,AIDED CASE,Wednesday,SOUTHERN,NONE,1300 Block of MISSION ST,-122.4156581,37.77539248
5/13/15 17:30,LARCENY/THEFT,PETTY THEFT FROM A BUILDING,Wednesday,MISSION,NONE,2300 Block of MISSION ST,-122.4190589,37.75942275
5/13/15 17:30,OTHER OFFENSES,"DRIVERS LICENSE, SUSPENDED OR REVOKED",Wednesday,INGLESIDE,"ARREST, CITED",CRESCENT AV / ANDOVER ST,-122.4168243,37.73488852
5/13/15 17:30,LARCENY/THEFT,GRAND THEFT FROM LOCKED AUTO,Wednesday,SOUTHERN,NONE,11TH ST / HARRISON ST,-122.4124833,37.77063059
5/13/15 17:28,OTHER OFFENSES,"DRIVERS LICENSE, SUSPENDED OR REVOKED",Wednesday,MISSION,"ARREST, BOOKED",23RD ST / VERMONT ST,-122.4035248,37.75445344
5/13/15 17:27,TRESPASS,TRESPASSING,Wednesday,TENDERLOIN,NONE,100 Block of EDDY ST,-122.4101352,37.78418891
5/13/15 17:20,BURGLARY,"BURGLARY OF HOTEL ROOM, UNLAWFUL ENTRY",Wednesday,CENTRAL,NONE,600 Block of JONES ST,-122.4132985,37.78705782
5/13/15 17:12,DRUG/NARCOTIC,POSSESSION OF MARIJUANA,Wednesday,SOUTHERN,"ARREST, BOOKED",6TH ST / NATOMA ST,-122.4076931,37.78016307
5/13/15 17:07,VANDALISM,"MALICIOUS MISCHIEF, VANDALISM",Wednesday,NORTHERN,NONE,1100 Block of FILLMORE ST,-122.4319796,37.78004785
5/13/15 17:00,VANDALISM,"MALICIOUS MISCHIEF, VANDALISM OF VEHICLES",Wednesday,INGLESIDE,NONE,500 Block of TOMPKINS AV,-122.4131567,37.73710675
5/13/15 17:00,OTHER OFFENSES,LOST/STOLEN LICENSE PLATE,Wednesday,INGLESIDE,NONE,0 Block of BROOK ST,-122.4234664,37.74072837
5/13/15 17:00,BURGLARY,"BURGLARY,BLDG. UNDER CONSTRUCTION, UNLAWFUL ENTRY",Wednesday,NORTHERN,NONE,500 Block of GROVE ST,-122.4256351,37.77743878
5/13/15 17:00,LARCENY/THEFT,GRAND THEFT FROM LOCKED AUTO,Wednesday,CENTRAL,NONE,500 Block of NORTHPOINT ST,-122.4162596,37.80618612
5/13/15 17:00,LARCENY/THEFT,PETTY THEFT FROM LOCKED AUTO,Wednesday,RICHMOND,NONE,400 Block of 39TH AV,-122.4997301,37.78035003
5/13/15 17:00,VANDALISM,"MALICIOUS MISCHIEF, VANDALISM OF VEHICLES",Wednesday,TENDERLOIN,NONE,LEAVENWORTH ST / EDDY ST,-122.414243,37.78372403
5/13/15 17:00,VEHICLE THEFT,STOLEN AUTOMOBILE,Wednesday,MISSION,NONE,16TH ST / SANCHEZ ST,-122.4308826,37.76437256
5/13/15 17:00,NON-CRIMINAL,LOST PROPERTY,Wednesday,TENDERLOIN,NONE,JONES ST / GEARY ST,-122.4131745,37.78671902
5/13/15 16:50,ROBBERY,ROBBERY OF A COMMERCIAL ESTABLISHMENT W/ A KNIFE,Wednesday,INGLESIDE,NONE,4600 Block of MISSION ST,-122.4350413,37.72425605
5/13/15 16:50,FORGERY/COUNTERFEITING,FORGERY & COUNTERFEITING (GENERAL),Wednesday,INGLESIDE,"ARREST, BOOKED",400 Block of CORTLAND AV,-122.4174505,37.73920707
5/13/15 16:47,TRESPASS,TRESPASSING,Wednesday,NORTHERN,"ARREST, BOOKED",100 Block of STEINER ST,-122.4319275,37.77073153
5/13/15 16:46,LARCENY/THEFT,GRAND THEFT FROM LOCKED AUTO,Wednesday,RICHMOND,NONE,500 Block of JOHNFKENNEDY DR,-122.4662047,37.77254054
5/13/15 16:45,VANDALISM,"MALICIOUS MISCHIEF, VANDALISM OF VEHICLES",Wednesday,CENTRAL,NONE,CALIFORNIA ST / STOCKTON ST,-122.4075398,37.79224918
5/13/15 16:44,WARRANTS,WARRANT ARREST,Wednesday,SOUTHERN,"ARREST, BOOKED",4TH ST / MARKET ST,-122.4058325,37.78574465
5/13/15 16:42,LARCENY/THEFT,GRAND THEFT FROM LOCKED AUTO,Wednesday,PARK,NONE,2100 Block of FULTON ST,-122.4505559,37.77533518
5/13/15 16:34,LARCENY/THEFT,PETTY THEFT FROM LOCKED AUTO,Wednesday,SOUTHERN,NONE,HAWTHORNE ST / HARRISON ST,-122.3962658,37.78344043
5/13/15 16:32,WARRANTS,WARRANT ARREST,Wednesday,CENTRAL,"ARREST, BOOKED",STOCKTON ST / BUSH ST,-122.4071522,37.79036558
5/13/15 16:30,LARCENY/THEFT,PETTY THEFT FROM A BUILDING,Wednesday,MISSION,NONE,0 Block of DOLORES ST,-122.4265894,37.76841217
5/13/15 16:30,OTHER OFFENSES,"FRAUDULENT GAME OR TRICK, OBTAINING MONEY OR PROPERTY",Wednesday,INGLESIDE,NONE,600 Block of NAPLES ST,-122.4330408,37.71853452
5/13/15 16:30,VEHICLE THEFT,STOLEN TRUCK,Wednesday,NORTHERN,NONE,SUTTER ST / WEBSTER ST,-122.4315532,37.78630399
5/13/15 16:20,LARCENY/THEFT,PETTY THEFT FROM A BUILDING,Wednesday,SOUTHERN,"ARREST, BOOKED",800 Block of BRYANT ST,-122.4034048,37.77542071
5/13/15 16:20,MISSING PERSON,MISSING JUVENILE,Wednesday,INGLESIDE,NONE,100 Block of PERSIA AV,-122.4347643,37.72261614
5/13/15 16:15,OTHER OFFENSES,RECKLESS DRIVING,Wednesday,BAYVIEW,NONE,INDUSTRIAL ST / BARNEVELD AV,-122.4042596,37.73871271
5/13/15 16:10,SUSPICIOUS OCC,INVESTIGATIVE DETENTION,Wednesday,INGLESIDE,NONE,0 Block of TIFFANY AV,-122.4212288,37.74526077
5/13/15 16:09,ROBBERY,ATTEMPTED ROBBERY ON THE STREET WITH BODILY FORCE,Wednesday,SOUTHERN,NONE,0 Block of MAIN ST,-122.3957716,37.79243096
5/13/15 16:02,ROBBERY,"ROBBERY, ARMED WITH A DANGEROUS WEAPON",Wednesday,PARK,NONE,200 Block of UPPER TR,-122.4450692,37.76285497
5/13/15 16:00,LARCENY/THEFT,PETTY THEFT FROM LOCKED AUTO,Wednesday,CENTRAL,NONE,2200 Block of LEAVENWORTH ST,-122.4177715,37.80150566
5/13/15 16:00,LARCENY/THEFT,GRAND THEFT FROM LOCKED AUTO,Wednesday,RICHMOND,NONE,1000 Block of GREAT HY,-122.5102257,37.76724422
5/13/15 16:00,VANDALISM,"MALICIOUS MISCHIEF, VANDALISM",Wednesday,BAYVIEW,NONE,100 Block of KISKA RD,-122.3759892,37.73015769
5/13/15 16:00,VANDALISM,"MALICIOUS MISCHIEF, VANDALISM OF VEHICLES",Wednesday,INGLESIDE,NONE,900 Block of ROCKDALE DR,-122.4545072,37.74111331
5/13/15 16:00,LARCENY/THEFT,GRAND THEFT FROM LOCKED AUTO,Wednesday,INGLESIDE,NONE,DELVALE AV / ENCLINE CT,-122.447802,37.74176976
5/13/15 15:58,VEHICLE THEFT,STOLEN AND RECOVERED VEHICLE,Wednesday,NORTHERN,NONE,2400 Block of CALIFORNIA ST,-122.4346894,37.78885384
5/13/15 15:58,VEHICLE THEFT,STOLEN AUTOMOBILE,Wednesday,NORTHERN,NONE,2400 Block of CALIFORNIA ST,-122.4346894,37.78885384
5/13/15 15:50,OTHER OFFENSES,VIOLATION OF RESTRAINING ORDER,Wednesday,INGLESIDE,"ARREST, BOOKED",400 Block of EDINBURGH ST,-122.4313713,37.72196757
5/13/15 15:46,NON-CRIMINAL,AIDED CASE,Wednesday,TENDERLOIN,NONE,0 Block of UNITEDNATIONS PZ,-122.4143179,37.77994441
5/13/15 15:46,SUSPICIOUS OCC,INVESTIGATIVE DETENTION,Wednesday,SOUTHERN,JUVENILE BOOKED,7TH ST / MARKET ST,-122.4125153,37.78047775
5/13/15 15:46,SECONDARY CODES,JUVENILE INVOLVED,Wednesday,SOUTHERN,JUVENILE BOOKED,7TH ST / MARKET ST,-122.4125153,37.78047775
5/13/15 15:45,NON-CRIMINAL,"AIDED CASE, MENTAL DISTURBED",Wednesday,CENTRAL,NONE,800 Block of BAY ST,-122.4210243,37.80472956
5/13/15 15:40,ASSAULT,"BATTERY, FORMER SPOUSE OR DATING RELATIONSHIP",Wednesday,PARK,NONE,1700 Block of MCALLISTER ST,-122.4408795,37.77753219
5/13/15 15:30,LARCENY/THEFT,GRAND THEFT FROM LOCKED AUTO,Wednesday,CENTRAL,NONE,HYDE ST / LOMBARD ST,-122.4196161,37.80199424
5/13/15 15:24,VANDALISM,"MALICIOUS MISCHIEF, VANDALISM",Wednesday,BAYVIEW,NONE,1600 Block of 20TH ST,-122.3977468,37.75999239
5/13/15 15:23,MISSING PERSON,MISSING JUVENILE,Wednesday,MISSION,NONE,900 Block of POTRERO AV,-122.4066049,37.75715804
5/13/15 15:22,NON-CRIMINAL,TRAFFIC ACCIDENT,Wednesday,BAYVIEW,NONE,1200 Block of CONNECTICUT ST,-122.3962703,37.7504525
5/13/15 15:22,ASSAULT,SHOOTING INTO INHABITED DWELLING OR OCCUPIED VEHICLE,Wednesday,BAYVIEW,NONE,1200 Block of CONNECTICUT ST,-122.3962703,37.7504525
5/13/15 15:15,SUSPICIOUS OCC,SUSPICIOUS OCCURRENCE,Wednesday,TENDERLOIN,NONE,0 Block of POWELL ST,-122.4078454,37.78509432
5/13/15 15:15,LARCENY/THEFT,PETTY THEFT FROM A BUILDING,Wednesday,NORTHERN,NONE,1500 Block of FRANKLIN ST,-122.4238031,37.78896574
5/13/15 15:00,VEHICLE THEFT,STOLEN TRUCK,Wednesday,NORTHERN,NONE,2000 Block of CALIFORNIA ST,-122.4280877,37.78958206
5/13/15 15:00,WARRANTS,ENROUTE TO OUTSIDE JURISDICTION,Wednesday,BAYVIEW,"ARREST, BOOKED",1600 Block of UNDERWOOD AV,-122.3920652,37.7299736
5/13/15 15:00,NON-CRIMINAL,"AIDED CASE, MENTAL DISTURBED",Wednesday,TENDERLOIN,NONE,8TH ST / MARKET ST,-122.4147438,37.77871926
5/13/15 15:00,SUSPICIOUS OCC,SUSPICIOUS OCCURRENCE,Wednesday,NORTHERN,NONE,FRANKLIN ST / HAYES ST,-122.4213327,37.77709027
5/13/15 15:00,LARCENY/THEFT,PETTY THEFT FROM LOCKED AUTO,Wednesday,TENDERLOIN,NONE,HYDE ST / MCALLISTER ST,-122.415318,37.78071793
5/13/15 15:00,LARCENY/THEFT,PETTY THEFT FROM LOCKED AUTO,Wednesday,CENTRAL,NONE,BEACH ST / POLK ST,-122.4238488,37.80622143
5/13/15 15:00,LARCENY/THEFT,GRAND THEFT FROM LOCKED AUTO,Wednesday,NORTHERN,NONE,POST ST / WEBSTER ST,-122.4313698,37.78537304
5/13/15 15:00,LARCENY/THEFT,GRAND THEFT FROM LOCKED AUTO,Wednesday,SOUTHERN,NONE,MISSION ST / 5TH ST,-122.406482,37.78273179
5/13/15 14:45,BURGLARY,"BURGLARY, HOT PROWL, UNLAWFUL ENTRY",Wednesday,SOUTHERN,NONE,800 Block of FOLSOM ST,-122.4023437,37.78116668
5/13/15 14:40,WARRANTS,ENROUTE TO DEPARTMENT OF CORRECTIONS,Wednesday,TENDERLOIN,NONE,0 Block of GROVE ST,-122.4156425,37.77883232
5/13/15 14:33,NON-CRIMINAL,"AIDED CASE, MENTAL DISTURBED",Wednesday,SOUTHERN,NONE,1000 Block of MISSION ST,-122.4097952,37.78003563
5/13/15 14:31,DRUG/NARCOTIC,POSSESSION OF MARIJUANA FOR SALES,Wednesday,PARK,"ARREST, BOOKED",1600 Block of HAIGHT ST,-122.449123,37.76978409
5/13/15 14:31,DRUG/NARCOTIC,SALE OF MARIJUANA,Wednesday,PARK,"ARREST, BOOKED",1600 Block of HAIGHT ST,-122.449123,37.76978409
5/13/15 14:30,WARRANTS,WARRANT ARREST,Wednesday,NORTHERN,"ARREST, BOOKED",300 Block of MCALLISTER ST,-122.4177779,37.78030899
5/13/15 14:30,VANDALISM,"MALICIOUS MISCHIEF, VANDALISM OF VEHICLES",Wednesday,NORTHERN,"ARREST, BOOKED",300 Block of MCALLISTER ST,-122.4177779,37.78030899
5/13/15 14:30,LARCENY/THEFT,GRAND THEFT FROM LOCKED AUTO,Wednesday,RICHMOND,NONE,400 Block of JOHNFKENNEDY DR,-122.4652087,37.77261005
5/13/15 14:30,BURGLARY,"BURGLARY, HOT PROWL, ATTEMPTED FORCIBLE ENTRY",Wednesday,INGLESIDE,NONE,700 Block of MIRAMAR AV,-122.4583428,37.72977527
5/13/15 14:30,WARRANTS,WARRANT ARREST,Wednesday,SOUTHERN,"ARREST, BOOKED",800 Block of BRYANT ST,-122.4034048,37.77542071
5/13/15 14:30,VEHICLE THEFT,STOLEN AUTOMOBILE,Wednesday,RICHMOND,NONE,700 Block of 45TH AV,-122.5058834,37.77436883
5/13/15 14:27,NON-CRIMINAL,"AIDED CASE, MENTAL DISTURBED",Wednesday,MISSION,NONE,3100 Block of 24TH ST,-122.4146345,37.75252762
5/13/15 14:15,LARCENY/THEFT,PETTY THEFT SHOPLIFTING,Wednesday,TARAVAL,NONE,1700 Block of OCEAN AV,-122.4607094,37.7249317
5/13/15 14:15,LARCENY/THEFT,PETTY THEFT SHOPLIFTING,Wednesday,TENDERLOIN,"ARREST, BOOKED",0 Block of OFARRELL ST,-122.4058954,37.78673422
5/13/15 14:09,OTHER OFFENSES,VIOLATION OF MUNICIPAL CODE,Wednesday,SOUTHERN,"ARREST, BOOKED",6TH ST / NATOMA ST,-122.4076931,37.78016307
5/13/15 14:09,OTHER OFFENSES,PAROLE VIOLATION,Wednesday,SOUTHERN,"ARREST, BOOKED",6TH ST / NATOMA ST,-122.4076931,37.78016307
5/13/15 14:05,VANDALISM,"MALICIOUS MISCHIEF, VANDALISM",Wednesday,NORTHERN,NONE,3600 Block of LYON ST,-122.4482784,37.80427189
5/13/15 14:03,OTHER OFFENSES,PAROLE VIOLATION,Wednesday,INGLESIDE,"ARREST, BOOKED",29TH ST / SAN JOSE AV,-122.4226722,37.74394327
5/13/15 14:03,WARRANTS,ENROUTE TO PAROLE OFFICER,Wednesday,INGLESIDE,"ARREST, BOOKED",29TH ST / SAN JOSE AV,-122.4226722,37.74394327
5/13/15 14:03,ASSAULT,THREATS AGAINST LIFE,Wednesday,INGLESIDE,"ARREST, BOOKED",29TH ST / SAN JOSE AV,-122.4226722,37.74394327
5/13/15 14:00,VANDALISM,"MALICIOUS MISCHIEF, VANDALISM",Wednesday,INGLESIDE,NONE,0 Block of ATHENS ST,-122.4242765,37.727293
5/13/15 14:00,NON-CRIMINAL,FOUND PROPERTY,Wednesday,BAYVIEW,NONE,1200 Block of 3RD ST,-122.3895176,37.77246824
5/13/15 14:00,TRESPASS,TRESPASSING,Wednesday,CENTRAL,"ARREST, BOOKED",300 Block of CLAY ST,-122.3997397,37.79503259
5/13/15 14:00,ASSAULT,BATTERY,Wednesday,TENDERLOIN,NONE,0 Block of UNITEDNATIONS PZ,-122.4143179,37.77994441
5/13/15 14:00,LARCENY/THEFT,GRAND THEFT FROM LOCKED AUTO,Wednesday,RICHMOND,NONE,400 Block of JOHNFKENNEDY DR,-122.4652087,37.77261005
5/13/15 14:00,LARCENY/THEFT,GRAND THEFT FROM LOCKED AUTO,Wednesday,RICHMOND,NONE,1000 Block of POINTLOBOS AV,-122.5136421,37.77846922
5/13/15 14:00,LARCENY/THEFT,PETTY THEFT OF PROPERTY,Wednesday,NORTHERN,NONE,1900 Block of SUTTER ST,-122.4318638,37.78620867
5/13/15 14:00,BURGLARY,"BURGLARY OF APARTMENT HOUSE, FORCIBLE ENTRY",Wednesday,INGLESIDE,NONE,100 Block of MELROSE AV,-122.4450699,37.7337501
5/13/15 14:00,VEHICLE THEFT,STOLEN AUTOMOBILE,Wednesday,INGLESIDE,NONE,100 Block of APPLETON AV,-122.4230713,37.73854905
5/13/15 14:00,BURGLARY,"BURGLARY OF RESIDENCE, FORCIBLE ENTRY",Wednesday,TARAVAL,NONE,200 Block of CRESTLAKE DR,-122.4845457,37.73511269
5/13/15 13:58,ROBBERY,ROBBERY OF A CHAIN STORE WITH A DANGEROUS WEAPON,Wednesday,CENTRAL,JUVENILE BOOKED,300 Block of BAY ST,-122.4128038,37.80577399
5/13/15 13:58,ASSAULT,AGGRAVATED ASSAULT WITH A DEADLY WEAPON,Wednesday,CENTRAL,JUVENILE BOOKED,300 Block of BAY ST,-122.4128038,37.80577399
5/13/15 13:47,OTHER OFFENSES,"DRIVERS LICENSE, SUSPENDED OR REVOKED",Wednesday,TENDERLOIN,"ARREST, BOOKED",GOLDEN GATE AV / HYDE ST,-122.4155082,37.78165428
5/13/15 13:41,OTHER OFFENSES,TRAFFIC VIOLATION ARREST,Wednesday,SOUTHERN,"ARREST, BOOKED",HARRISON ST / 2ND ST,-122.3951632,37.7843097
5/13/15 13:40,WARRANTS,WARRANT ARREST,Wednesday,TENDERLOIN,"ARREST, BOOKED",200 Block of GOLDEN GATE AV,-122.4142634,37.78175698
5/13/15 13:30,LARCENY/THEFT,GRAND THEFT FROM LOCKED AUTO,Wednesday,CENTRAL,NONE,LEAVENWORTH ST / LOMBARD ST,-122.4179701,37.80220232
5/13/15 13:30,LARCENY/THEFT,GRAND THEFT FROM LOCKED AUTO,Wednesday,TARAVAL,NONE,25TH AV / NORIEGA ST,-122.4828987,37.75395503
5/13/15 13:30,VANDALISM,"MALICIOUS MISCHIEF, VANDALISM OF VEHICLES",Wednesday,TARAVAL,NONE,25TH AV / NORIEGA ST,-122.4828987,37.75395503
5/13/15 13:19,WARRANTS,WARRANT ARREST,Wednesday,NORTHERN,"ARREST, BOOKED",400 Block of GOLDEN GATE AV,-122.417982,37.78128537
5/13/15 13:19,DRUG/NARCOTIC,POSSESSION OF NARCOTICS PARAPHERNALIA,Wednesday,MISSION,"ARREST, BOOKED",17TH ST / MISSION ST,-122.4195157,37.76342923
5/13/15 13:19,OTHER OFFENSES,TRAFFIC VIOLATION ARREST,Wednesday,MISSION,"ARREST, BOOKED",17TH ST / MISSION ST,-122.4195157,37.76342923
5/13/15 13:19,OTHER OFFENSES,PAROLE VIOLATION,Wednesday,MISSION,"ARREST, BOOKED",17TH ST / MISSION ST,-122.4195157,37.76342923
5/13/15 13:19,DRUG/NARCOTIC,POSSESSION OF METH-AMPHETAMINE,Wednesday,MISSION,"ARREST, BOOKED",17TH ST / MISSION ST,-122.4195157,37.76342923
5/13/15 13:14,ROBBERY,ROBBERY OF A BANK WITH A DANGEROUS WEAPON,Wednesday,NORTHERN,NONE,2300 Block of FILLMORE ST,-122.4342252,37.79116853
5/13/15 13:05,LARCENY/THEFT,GRAND THEFT FROM UNLOCKED AUTO,Wednesday,SOUTHERN,NONE,800 Block of BRYANT ST,-122.4034048,37.77542071
5/13/15 13:00,BURGLARY,"BURGLARY, UNLAWFUL ENTRY",Wednesday,NORTHERN,NONE,2300 Block of FILLMORE ST,-122.4343619,37.79115119
5/13/15 13:00,BURGLARY,"BURGLARY OF RESIDENCE, FORCIBLE ENTRY",Wednesday,INGLESIDE,NONE,200 Block of STILLINGS AV,-122.4448541,37.73449811
5/13/15 13:00,ASSAULT,THREATS AGAINST LIFE,Wednesday,SOUTHERN,NONE,500 Block of MISSION ST,-122.3995453,37.78812918
5/13/15 13:00,LARCENY/THEFT,THEFT OF ANIMALS (GENERAL),Wednesday,NORTHERN,NONE,2300 Block of FILLMORE ST,-122.4343619,37.79115119
5/13/15 12:59,OTHER OFFENSES,TRAFFIC VIOLATION ARREST,Wednesday,TENDERLOIN,"ARREST, BOOKED",MASON ST / EDDY ST,-122.4093131,37.78434785
5/13/15 12:45,SUSPICIOUS OCC,SUSPICIOUS OCCURRENCE,Wednesday,RICHMOND,NONE,GEARY BL / 27TH AV,-122.4868783,37.77999237
5/13/15 12:37,NON-CRIMINAL,"AIDED CASE, MENTAL DISTURBED",Wednesday,NORTHERN,NONE,IVY ST / GOUGH ST,-122.4230767,37.77735026
5/13/15 12:35,SUSPICIOUS OCC,INVESTIGATIVE DETENTION,Wednesday,SOUTHERN,NONE,4TH ST / MISSION ST,-122.4042702,37.78447885
5/13/15 12:30,WARRANTS,WARRANT ARREST,Wednesday,TARAVAL,NONE,1800 Block of IRVING ST,-122.477696,37.76359154
5/13/15 12:30,ASSAULT,AGGRAVATED ASSAULT WITH A KNIFE,Wednesday,BAYVIEW,"ARREST, BOOKED",700 Block of KIRKWOOD AV,-122.3740193,37.72920336
5/13/15 12:30,SECONDARY CODES,DOMESTIC VIOLENCE,Wednesday,BAYVIEW,"ARREST, BOOKED",700 Block of KIRKWOOD AV,-122.3740193,37.72920336
5/13/15 12:30,NON-CRIMINAL,LOST PROPERTY,Wednesday,CENTRAL,NONE,300 Block of STOCKTON ST,-122.4068865,37.78873458
5/13/15 12:30,FRAUD,"CREDIT CARD, THEFT BY USE OF",Wednesday,CENTRAL,NONE,300 Block of STOCKTON ST,-122.4068865,37.78873458
5/13/15 12:30,ASSAULT,"BATTERY, FORMER SPOUSE OR DATING RELATIONSHIP",Wednesday,BAYVIEW,"ARREST, BOOKED",700 Block of KIRKWOOD AV,-122.3740193,37.72920336
5/13/15 12:30,NON-CRIMINAL,AIDED CASE -PROPERTY FOR DESTRUCTION,Wednesday,TARAVAL,NONE,1600 Block of LINCOLN WY,-122.4756555,37.76541405
5/13/15 12:23,NON-CRIMINAL,FOUND PROPERTY,Wednesday,BAYVIEW,NONE,7TH ST / IRWIN ST,-122.3974262,37.76844016
5/13/15 12:21,KIDNAPPING,FALSE IMPRISONMENT,Wednesday,INGLESIDE,"ARREST, BOOKED",1500 Block of DOLORES ST,-122.4243477,37.74504562
5/13/15 12:21,ASSAULT,AGGRAVATED ASSAULT WITH BODILY FORCE,Wednesday,INGLESIDE,"ARREST, BOOKED",1500 Block of DOLORES ST,-122.4243477,37.74504562
5/13/15 12:20,ROBBERY,"ROBBERY ON THE STREET, STRONGARM",Wednesday,NORTHERN,NONE,1500 Block of CALIFORNIA ST,-122.4198886,37.79073538
5/13/15 12:00,NON-CRIMINAL,AIDED CASE,Wednesday,RICHMOND,UNFOUNDED,100 Block of FUNSTON AV,-122.4720483,37.78539022
5/13/15 12:00,SUSPICIOUS OCC,SUSPICIOUS OCCURRENCE,Wednesday,RICHMOND,UNFOUNDED,100 Block of FUNSTON AV,-122.4720483,37.78539022
5/13/15 12:00,VEHICLE THEFT,STOLEN AUTOMOBILE,Wednesday,NORTHERN,NONE,600 Block of VANNESS AV,-122.4206914,37.78148325
5/13/15 12:00,NON-CRIMINAL,LOST PROPERTY,Wednesday,CENTRAL,NONE,700 Block of VALLEJO ST,-122.4097917,37.79850835
5/13/15 12:00,VANDALISM,"MALICIOUS MISCHIEF, VANDALISM",Wednesday,INGLESIDE,NONE,200 Block of BLYTHDALE AV,-122.4205298,37.71100233
5/13/15 12:00,VEHICLE THEFT,STOLEN TRUCK,Wednesday,SOUTHERN,NONE,600 Block of 8TH ST,-122.4046854,37.77062903
5/13/15 11:40,NON-CRIMINAL,FOUND PROPERTY,Wednesday,PARK,NONE,900 Block of PAGE ST,-122.4364041,37.77225454
5/13/15 11:30,SUSPICIOUS OCC,SUSPICIOUS PERSON,Wednesday,SOUTHERN,NONE,0 Block of 6TH ST,-122.4090112,37.78113406
5/13/15 11:30,LARCENY/THEFT,PETTY THEFT BICYCLE,Wednesday,NORTHERN,NONE,500 Block of LARKIN ST,-122.4173673,37.78286262
5/13/15 11:30,MISSING PERSON,MISSING ADULT,Wednesday,SOUTHERN,NONE,0 Block of DORE ST,-122.413046,37.77386178
5/13/15 11:22,LARCENY/THEFT,PETTY THEFT OF PROPERTY,Wednesday,CENTRAL,NONE,700 Block of COLUMBUS AV,-122.4120043,37.80148647
5/13/15 11:00,WARRANTS,ENROUTE TO OUTSIDE JURISDICTION,Wednesday,INGLESIDE,"ARREST, BOOKED",5300 Block of DIAMONDHEIGHTS BL,-122.4362669,37.74277156
5/13/15 11:00,LARCENY/THEFT,PETTY THEFT FROM LOCKED AUTO,Wednesday,NORTHERN,NONE,POLK ST / WILLOW ST,-122.4192748,37.78356805
5/13/15 10:30,SUSPICIOUS OCC,SUSPICIOUS OCCURRENCE,Wednesday,TARAVAL,NONE,1800 Block of 29TH AV,-122.4871859,37.75281498
5/13/15 10:30,MISSING PERSON,MISSING ADULT,Wednesday,CENTRAL,NONE,1000 Block of BUSH ST,-122.4145769,37.78947681
5/13/15 10:30,LARCENY/THEFT,GRAND THEFT FROM LOCKED AUTO,Wednesday,MISSION,NONE,17TH ST / MISSION ST,-122.4195157,37.76342923
5/13/15 10:30,LARCENY/THEFT,PETTY THEFT FROM LOCKED AUTO,Wednesday,MISSION,NONE,VALENCIA ST / 17TH ST,-122.4217338,37.76329969
5/13/15 10:22,LARCENY/THEFT,PETTY THEFT OF PROPERTY,Wednesday,CENTRAL,NONE,800 Block of JONES ST,-122.4137051,37.78906405
5/13/15 10:15,VEHICLE THEFT,STOLEN MOTORCYCLE,Wednesday,SOUTHERN,NONE,0 Block of MAIN ST,-122.3957716,37.79243096
5/13/15 10:05,SUSPICIOUS OCC,SUSPICIOUS OCCURRENCE,Wednesday,NORTHERN,NONE,600 Block of EDDY ST,-122.418382,37.78325838
5/13/15 10:00,ASSAULT,BATTERY,Wednesday,CENTRAL,NONE,1200 Block of UNION ST,-122.4202227,37.7989965
5/13/15 10:00,BURGLARY,"BURGLARY, UNLAWFUL ENTRY",Wednesday,MISSION,NONE,2000 Block of MISSION ST,-122.4195204,37.76422894
5/13/15 10:00,NON-CRIMINAL,FOUND PROPERTY,Wednesday,RICHMOND,NONE,25TH AV / CLEMENT ST,-122.4848733,37.78202318
5/13/15 9:46,ASSAULT,"BATTERY, FORMER SPOUSE OR DATING RELATIONSHIP",Wednesday,MISSION,"ARREST, BOOKED",800 Block of CAPP ST,-122.4174994,37.75308467
5/13/15 9:46,DRUG/NARCOTIC,POSSESSION OF MARIJUANA,Wednesday,PARK,"ARREST, BOOKED",HAIGHT ST / STANYAN ST,-122.4535346,37.7691663
5/13/15 9:46,WARRANTS,WARRANT ARREST,Wednesday,PARK,"ARREST, BOOKED",HAIGHT ST / STANYAN ST,-122.4535346,37.7691663
5/13/15 9:40,LARCENY/THEFT,GRAND THEFT FROM LOCKED AUTO,Wednesday,NORTHERN,NONE,1100 Block of FILLMORE ST,-122.4319796,37.78004785
5/13/15 9:40,ASSAULT,BATTERY,Wednesday,INGLESIDE,NONE,CRESCENT AV / FOLSOM ST,-122.41369,37.7347307
5/13/15 9:40,SECONDARY CODES,JUVENILE INVOLVED,Wednesday,INGLESIDE,NONE,CRESCENT AV / FOLSOM ST,-122.41369,37.7347307
5/13/15 9:36,LARCENY/THEFT,GRAND THEFT FROM LOCKED AUTO,Wednesday,INGLESIDE,NONE,0 Block of GLADYS ST,-122.4228657,37.73947657
5/13/15 9:30,MISSING PERSON,MISSING ADULT,Wednesday,CENTRAL,NONE,1800 Block of MASON ST,-122.4126631,37.80063555
5/13/15 9:30,MISSING PERSON,FOUND PERSON,Wednesday,CENTRAL,NONE,1800 Block of MASON ST,-122.4126631,37.80063555
5/13/15 9:30,BURGLARY,"BURGLARY OF APARTMENT HOUSE, UNLAWFUL ENTRY",Wednesday,MISSION,NONE,2200 Block of MISSION ST,-122.4193502,37.76101609
5/13/15 9:30,SUSPICIOUS OCC,INVESTIGATIVE DETENTION,Wednesday,TENDERLOIN,"ARREST, BOOKED",GOLDEN GATE AV / HYDE ST,-122.4155082,37.78165428
5/13/15 9:30,DRUG/NARCOTIC,POSSESSION OF NARCOTICS PARAPHERNALIA,Wednesday,TENDERLOIN,"ARREST, BOOKED",GOLDEN GATE AV / HYDE ST,-122.4155082,37.78165428
5/13/15 9:00,RUNAWAY,RUNAWAY,Wednesday,INGLESIDE,NONE,5700 Block of MISSION ST,-122.449675,37.70976253
5/13/15 9:00,LARCENY/THEFT,GRAND THEFT FROM LOCKED AUTO,Wednesday,NORTHERN,NONE,500 Block of HAYES ST,-122.4254163,37.77662802
5/13/15 9:00,DRUG/NARCOTIC,LOITERING WHERE NARCOTICS ARE SOLD/USED,Wednesday,TENDERLOIN,"ARREST, BOOKED",ELLIS ST / JONES ST,-122.4127841,37.78486569
5/13/15 9:00,OTHER OFFENSES,RESISTING ARREST,Wednesday,TENDERLOIN,"ARREST, BOOKED",ELLIS ST / JONES ST,-122.4127841,37.78486569
5/13/15 9:00,VEHICLE THEFT,STOLEN MOTORCYCLE,Wednesday,SOUTHERN,NONE,ZOE ST / BRANNAN ST,-122.3953087,37.77929702
5/13/15 9:00,LARCENY/THEFT,GRAND THEFT FROM LOCKED AUTO,Wednesday,PARK,NONE,DIVISADERO ST / TURK ST,-122.4387417,37.77965932
5/13/15 8:55,VEHICLE THEFT,STOLEN MOTORCYCLE,Wednesday,TARAVAL,NONE,1700 Block of 11TH AV,-122.4677968,37.75554147
5/13/15 8:41,OTHER OFFENSES,"FRAUDULENT GAME OR TRICK, OBTAINING MONEY OR PROPERTY",Wednesday,CENTRAL,NONE,1100 Block of BUSH ST,-122.4161992,37.78915877
5/13/15 8:36,OTHER OFFENSES,TRAFFIC VIOLATION,Wednesday,NORTHERN,"ARREST, BOOKED",BROADWAY ST / VANNESS AV,-122.4234131,37.79573711
5/13/15 8:30,NON-CRIMINAL,LOST PROPERTY,Wednesday,NORTHERN,NONE,VANNESS AV / ELLIS ST,-122.4210119,37.78382269
5/13/15 8:17,OTHER OFFENSES,HARASSING PHONE CALLS,Wednesday,CENTRAL,NONE,1100 Block of CALIFORNIA ST,-122.4132889,37.79146553
5/13/15 8:16,OTHER OFFENSES,TRAFFIC VIOLATION ARREST,Wednesday,MISSION,"ARREST, CITED",CESAR CHAVEZ ST / GUERRERO ST,-122.4224904,37.74801444
5/13/15 8:10,LARCENY/THEFT,PETTY THEFT FROM LOCKED AUTO,Wednesday,MISSION,NONE,2000 Block of MARKET ST,-122.4269556,37.76924706
5/13/15 8:00,BURGLARY,"BURGLARY OF RESIDENCE, FORCIBLE ENTRY",Wednesday,INGLESIDE,NONE,1600 Block of SUNNYDALE AV,-122.4171448,37.71215029
5/13/15 8:00,MISSING PERSON,MISSING JUVENILE,Wednesday,PARK,NONE,1800 Block of EDDY ST,-122.4380984,37.78063886
5/13/15 8:00,OTHER OFFENSES,INCIDENT ON SCHOOL GROUNDS,Wednesday,MISSION,NONE,24TH ST / FOLSOM ST,-122.414089,37.75250508
5/13/15 8:00,ASSAULT,BATTERY,Wednesday,MISSION,NONE,24TH ST / FOLSOM ST,-122.414089,37.75250508
5/13/15 8:00,LARCENY/THEFT,PETTY THEFT FROM LOCKED AUTO,Wednesday,BAYVIEW,NONE,LOOMIS ST / FLOWER ST,-122.4045994,37.74211889
5/13/15 7:59,ASSAULT,BATTERY,Wednesday,MISSION,NONE,23RD ST / UTAH ST,-122.4054558,37.75433708
5/13/15 7:59,ASSAULT,AGGRAVATED ASSAULT WITH A DEADLY WEAPON,Wednesday,MISSION,NONE,23RD ST / UTAH ST,-122.4054558,37.75433708
5/13/15 7:50,LARCENY/THEFT,GRAND THEFT BICYCLE,Wednesday,SOUTHERN,NONE,100 Block of SPEAR ST,-122.3932283,37.79195104
5/13/15 7:45,NON-CRIMINAL,"AIDED CASE, MENTAL DISTURBED",Wednesday,PARK,NONE,1300 Block of MASONIC AV,-122.4448468,37.7683459
5/13/15 7:35,LARCENY/THEFT,GRAND THEFT FROM LOCKED AUTO,Wednesday,CENTRAL,NONE,0 Block of GENOA PL,-122.4065029,37.80126532
5/13/15 7:30,VEHICLE THEFT,STOLEN AUTOMOBILE,Wednesday,SOUTHERN,NONE,0 Block of RAUSCH ST,-122.4097748,37.77644368
5/13/15 7:20,LARCENY/THEFT,GRAND THEFT FROM A BUILDING,Wednesday,TENDERLOIN,NONE,200 Block of MASON ST,-122.4095237,37.7857603
5/13/15 7:10,ROBBERY,"ROBBERY ON THE STREET, STRONGARM",Wednesday,BAYVIEW,NONE,1500 Block of SILVER AV,-122.4060923,37.73234832
5/13/15 7:00,NON-CRIMINAL,FOUND PROPERTY,Wednesday,RICHMOND,NONE,400 Block of 4TH AV,-122.4621386,37.7801273
5/13/15 7:00,LARCENY/THEFT,GRAND THEFT FROM LOCKED AUTO,Wednesday,MISSION,NONE,2100 Block of ALAMEDA ST,-122.4063276,37.76849835
5/13/15 7:00,BURGLARY,"BURGLARY OF APARTMENT HOUSE, UNLAWFUL ENTRY",Wednesday,RICHMOND,NONE,100 Block of SUTROHEIGHTS AV,-122.5086318,37.77606949
5/13/15 6:45,BURGLARY,"BURGLARY, HOT PROWL, UNLAWFUL ENTRY",Wednesday,SOUTHERN,NONE,100 Block of LANGTON ST,-122.407389,37.77561063
5/13/15 6:40,LARCENY/THEFT,ATTEMPTED THEFT OF A BICYCLE,Wednesday,RICHMOND,NONE,3700 Block of CALIFORNIA ST,-122.4554684,37.78621097
5/13/15 6:15,WARRANTS,WARRANT ARREST,Wednesday,PARK,"ARREST, BOOKED",1700 Block of OAK ST,-122.4481619,37.77182548
5/13/15 6:15,VEHICLE THEFT,STOLEN AUTOMOBILE,Wednesday,MISSION,NONE,1200 Block of UTAH ST,-122.4053225,37.75369252
5/13/15 6:15,OTHER OFFENSES,VIOLATION OF PARK CODE,Wednesday,PARK,"ARREST, BOOKED",1700 Block of OAK ST,-122.4481619,37.77182548
5/13/15 5:57,ROBBERY,ATTEMPTED ROBBERY ON THE STREET W/DEADLY WEAPON,Wednesday,NORTHERN,"ARREST, BOOKED",GROVE ST / GOUGH ST,-122.4231684,37.77781574
5/13/15 5:57,ASSAULT,AGGRAVATED ASSAULT WITH A DEADLY WEAPON,Wednesday,NORTHERN,"ARREST, BOOKED",GROVE ST / GOUGH ST,-122.4231684,37.77781574
5/13/15 5:57,OTHER OFFENSES,RESISTING ARREST,Wednesday,NORTHERN,"ARREST, BOOKED",GROVE ST / GOUGH ST,-122.4231684,37.77781574
5/13/15 5:55,LARCENY/THEFT,ATTEMPTED GRAND THEFT PURSESNATCH,Wednesday,NORTHERN,NONE,300 Block of GROVE ST,-122.4223481,37.77786178
5/13/15 5:55,ROBBERY,ATTEMPTED ROBBERY WITH BODILY FORCE,Wednesday,NORTHERN,NONE,300 Block of GROVE ST,-122.4223481,37.77786178
5/13/15 5:45,LARCENY/THEFT,ATTEMPTED THEFT FROM LOCKED VEHICLE,Wednesday,PARK,NONE,0 Block of CLIFFORD TR,-122.4436185,37.76395203
5/13/15 5:45,VANDALISM,"MALICIOUS MISCHIEF, VANDALISM OF VEHICLES",Wednesday,PARK,NONE,0 Block of CLIFFORD TR,-122.4436185,37.76395203
5/13/15 5:25,OTHER OFFENSES,VIOLATION OF RESTRAINING ORDER,Wednesday,NORTHERN,"ARREST, BOOKED",900 Block of OFARRELL ST,-122.4203754,37.78480062
5/13/15 5:25,SECONDARY CODES,DOMESTIC VIOLENCE,Wednesday,NORTHERN,"ARREST, BOOKED",900 Block of OFARRELL ST,-122.4203754,37.78480062
5/13/15 5:10,LARCENY/THEFT,PETTY THEFT FROM LOCKED AUTO,Wednesday,TENDERLOIN,NONE,JONES ST / GOLDEN GATE AV,-122.4122242,37.78207293
5/13/15 5:00,DRUG/NARCOTIC,POSSESSION OF METH-AMPHETAMINE,Wednesday,NORTHERN,"ARREST, BOOKED",1300 Block of WEBSTER ST,-122.4310464,37.78302957
5/13/15 5:00,BURGLARY,"BURGLARY OF STORE, FORCIBLE ENTRY",Wednesday,NORTHERN,"ARREST, BOOKED",1300 Block of WEBSTER ST,-122.4310464,37.78302957
5/13/15 5:00,OTHER OFFENSES,POSSESSION OF BURGLARY TOOLS W/PRIORS,Wednesday,NORTHERN,"ARREST, BOOKED",1300 Block of WEBSTER ST,-122.4310464,37.78302957
5/13/15 4:45,ASSAULT,THREATS AGAINST LIFE,Wednesday,SOUTHERN,NONE,1500 Block of MARKET ST,-122.4196667,37.77468233
5/13/15 4:45,KIDNAPPING,KIDNAPPING DURING ROBBERY,Wednesday,SOUTHERN,NONE,1500 Block of MARKET ST,-122.4196667,37.77468233
5/13/15 4:45,ROBBERY,"ROBBERY,  ATM, GUN",Wednesday,SOUTHERN,NONE,1500 Block of MARKET ST,-122.4196667,37.77468233
5/13/15 4:05,ROBBERY,"ROBBERY, BODILY FORCE",Wednesday,INGLESIDE,NONE,SAINT MARYS AV / MISSION ST,-122.4261146,37.73395413
5/13/15 4:05,OTHER OFFENSES,CONSPIRACY,Wednesday,INGLESIDE,NONE,SAINT MARYS AV / MISSION ST,-122.4261146,37.73395413
5/13/15 4:05,VANDALISM,"MALICIOUS MISCHIEF, VANDALISM OF VEHICLES",Wednesday,INGLESIDE,NONE,SAINT MARYS AV / MISSION ST,-122.4261146,37.73395413
5/13/15 4:00,LARCENY/THEFT,GRAND THEFT FROM UNLOCKED AUTO,Wednesday,TARAVAL,NONE,700 Block of MOUNT VERNON AV,-122.45121,37.71957244
5/13/15 3:09,NON-CRIMINAL,"AIDED CASE, MENTAL DISTURBED",Wednesday,NORTHERN,NONE,1000 Block of POLK ST,-122.4198583,37.78613713
5/13/15 2:33,NON-CRIMINAL,"AIDED CASE, MENTAL DISTURBED",Wednesday,TARAVAL,NONE,1400 Block of 17TH AV,-122.4748575,37.76083981
5/13/15 2:33,OTHER OFFENSES,RESTRAINING ORDER NOTIFICATION/SERVICE OF RESTRAINING ORDER,Wednesday,TARAVAL,NONE,1400 Block of 17TH AV,-122.4748575,37.76083981
5/13/15 2:30,SUSPICIOUS OCC,INVESTIGATIVE DETENTION,Wednesday,BAYVIEW,NONE,200 Block of PENNSYLVANIA AV,-122.3936272,37.7636628
5/13/15 2:22,BURGLARY,"BURGLARY, VEHICLE (ARREST MADE)",Wednesday,TARAVAL,"ARREST, BOOKED",34TH AV / VICENTE ST,-122.4915243,37.73861332
5/13/15 2:22,STOLEN PROPERTY,"STOLEN PROPERTY, POSSESSION WITH KNOWLEDGE, RECEIVING",Wednesday,TARAVAL,"ARREST, BOOKED",34TH AV / VICENTE ST,-122.4915243,37.73861332
5/13/15 2:22,OTHER OFFENSES,CONSPIRACY,Wednesday,TARAVAL,"ARREST, BOOKED",34TH AV / VICENTE ST,-122.4915243,37.73861332
5/13/15 2:18,NON-CRIMINAL,"AIDED CASE, INJURED PERSON",Wednesday,MISSION,NONE,2000 Block of MARKET ST,-122.4269556,37.76924706
5/13/15 2:18,NON-CRIMINAL,LOST PROPERTY,Wednesday,MISSION,NONE,2000 Block of MARKET ST,-122.4269556,37.76924706
5/13/15 2:04,NON-CRIMINAL,"STAY AWAY OR COURT ORDER, NON-DV RELATED",Wednesday,CENTRAL,"ARREST, BOOKED",400 Block of STOCKTON ST,-122.4069776,37.7899181
5/13/15 2:00,LARCENY/THEFT,PETTY THEFT FROM LOCKED AUTO,Wednesday,TARAVAL,NONE,2200 Block of 21ST AV,-122.4779603,37.74573894
5/13/15 2:00,VEHICLE THEFT,STOLEN AUTOMOBILE,Wednesday,TARAVAL,NONE,47TH AV / ORTEGA ST,-122.5063466,37.75105018
5/13/15 1:17,LARCENY/THEFT,GRAND THEFT FROM LOCKED AUTO,Wednesday,TARAVAL,NONE,33RD AV / ULLOA ST,-122.4905619,37.74052225
5/13/15 1:03,OTHER OFFENSES,TRAFFIC VIOLATION,Wednesday,INGLESIDE,"ARREST, BOOKED",ATHENS ST / AMAZON AV,-122.4336394,37.71475332
5/13/15 1:00,NON-CRIMINAL,LOST PROPERTY,Wednesday,CENTRAL,NONE,600 Block of GEARY ST,-122.4140108,37.786677
